<launch>
    <!-- 演示 node 的使用 -->
    <!-- <node 
        pkg="turtlesim"
        exec="turtlesim_node"
        name="t1"
        namespace="ns_1"
        exec_name="my_label_xxxx"
        respawn="True"
    /> -->
    <!-- <node pkg="turtlesim" exec="turtlesim_node" name="t1">
        <param name="background_r" value="100"/>
        <param name="background_g" value="50"/>
        <param name="background_b" value="90"/> 
        <param from="$(find-pkg-share cpp01_launch)/config/xixi.yaml"/>
    </node> -->

    <!-- <node pkg="turtlesim" exec="turtlesim_node" name="t1" ros_args=" remap __ns:=/xxx/yyy" /> -->
    <node pkg="turtlesim" exec="turtlesim_node" name="t1" args="--ros-args --remap __ns:=/xxx/yyy" />

</launch>